slug_article,decouverte,objectif,mecanisme,composants,action_utilisateur,changement_observable,message_accessible,source_precise,limite_scientifique,brief_schema,brief_ambiance,priorite,etat
tension-courant-resistance,allumer-une-lampe,Comprendre qu'un courant ne circule que dans un chemin fermé,Pile qui maintient une tension ; boucle fil-lampe-interrupteur ; courant conventionnel de + vers −,circuit (existant),Fermer ou ouvrir l'interrupteur,La lampe s'allume ou s'éteint ; flèches de courant présentes ou absentes,"Sans chemin fermé, pas de courant, même avec une pile neuve","OpenStax University Physics 2, 9.1 (complete path ; sens conventionnel)",Le sens conventionnel n'est pas le sens de déplacement des électrons ; ne pas le dire aux enfants comme une réalité,"Boucle pile-lampe-interrupteur en 2D, contacts nets ; état ouvert et fermé ; flèches ajoutées par le code ; légendes en HTML","Facultative : lampe de poche démontée sur une table, sans texte",1,pilote Codex publié ; article corrigé
comment-un-turbocompresseur-rend-il-un-moteur-plus-puissant,le-turbo,Comprendre que les gaz d'échappement entraînent la turbine reliée au compresseur,"Turbine dans les gaz, compresseur sur le même axe, air plus dense donc plus de carburant",turbo (existant),Augmenter le débit des gaz d'échappement,Les deux roues tournent plus vite ; plus d'air entre,"Le turbo récupère une partie de l'énergie des gaz, pas toute gratuitement","Garrett Motion, How a turbo works — Basic",La turbine crée une contre-pression ; aucune relation chiffrée entre vitesse et puissance,"Deux roues sur un axe, deux trajets de gaz séparés ; ajouter une vanne de décharge facultative ; légendes en HTML","Facultative : moteur ouvert en vue d'atelier, sans texte",1,pilote Codex publié ; article corrigé
comment-fabrique-t-on-du-savon-avec-de-l-huile,savon-et-graisse,Comprendre comment les micelles emportent la graisse,"Tête hydrophile vers l'eau, queue hydrophobe vers la graisse ; micelles dispersées",soap (existant),Ajouter du savon,Les molécules entourent la goutte de graisse,"La graisse n'est pas détruite, elle est emportée",OpenStax Organic Chemistry 27.2 Soap,"Molécules symboliques, pas une représentation atomique","Goutte orange, molécules tête bleue / queue orange, troisième état dispersé ; légendes en HTML","Facultative : mains savonnées sous un robinet, sans texte",1,pilote Codex publié ; article corrigé
comment-une-feuille-fabrique-t-elle-du-sucre-avec-de-la-lumiere,feuille-et-lumiere,Comprendre que la lumière fournit l'énergie qui casse l'eau et permet de fabriquer du sucre,"Lumière captée, eau cassée, O2 libéré, ATP/NADPH, cycle de Calvin, sucre",flow (existant) ; souhaité : schéma de chloroplaste,Éclairer ou non la feuille,La chaîne avance jusqu'au sucre ou s'arrête,"L'oxygène vient de l'eau ; sans lumière, pas de sucre",OpenStax Concepts of Biology 5.2 et 5.3,Le cycle de Calvin ne s'arrête pas instantanément dans le noir ; chaîne simplifiée,"Coupe de feuille avec un chloroplaste agrandi : flèche lumière, molécules d'eau qui entrent, O2 qui sort, CO2 qui entre, sucre qui part ; éléments SVG séparés","Facultative : feuille au soleil en contre-jour, sans texte",2,publiée
comment-un-cyclone-tropical-nait-il-au-dessus-d-une-mer-chaude,naissance-d-un-cyclone,Comprendre que l'énergie du cyclone vient de la vapeur d'une mer chaude,"Évaporation, condensation qui libère de la chaleur, air qui monte, rotation par la force de Coriolis",flow (existant) ; souhaité : coupe verticale animée,Mer froide ou chaude,La chaîne s'enclenche jusqu'à la tempête qui tourne,"Pas de mer chaude, pas de carburant",NOAA Hurricanes ; NOAA AOML Tropical Cyclone FAQ,"Seuil d'environ 26,5 à 27 °C ; d'autres conditions sont nécessaires (cisaillement faible, humidité)","Coupe verticale : mer, flèches de vapeur, nuages, flèches de chaleur, œil au centre ; vue de dessus séparée pour le sens de rotation selon l'hémisphère","Facultative : image satellite stylisée d'un cyclone, sans texte",2,publiée
comment-le-levain-fait-il-gonfler-la-pate-a-pain,le-pain-qui-gonfle,Comprendre que les levures font le gaz et les bactéries les acides,Fermentation alcoolique (CO2) et fermentations lactique et acétique,flow (existant) ; souhaité : pâte qui gonfle,Ajouter le levain,La pâte gonfle ; bulles visibles,"Les bulles viennent des levures, le goût des bactéries","Espace des sciences, Sciences Ouest n° 338",Proportions très variables d'un levain à l'autre,"Pâte en coupe avec bulles qui grossissent ; levures et bactéries symbolisées par deux formes distinctes, pas à l'échelle","Facultative : miche de pain au levain coupée, sans texte",2,publiée
comment-une-bouteille-en-verre-usagee-redevient-elle-une-bouteille-neuve,la-bouteille-qui-revient,Comprendre que le verre se refond sans fin si l'on retire les intrus,"Tri, broyage en calcin, fusion, moulage ; contaminants qui créent des défauts",flow (existant),Retirer les intrus du lot,La chaîne va jusqu'à la bouteille neuve,Une assiette en porcelaine abîme le recyclage du verre,"TNO, Beerkens et al. 2011 ; Close the Glass Loop","Le taux de 82,2 % concerne la collecte en UE, pas le recyclage effectif en France",Tapis de tri avec bouteilles et une assiette signalée ; pile de calcin ; four ; moule ; éléments séparés,"Facultative : conteneur à verre en rue, sans texte",2,publiée
comment-l-electricite-voyage-t-elle-de-la-centrale-jusqu-a-votre-prise,le-voyage-de-l-electricite,Comprendre pourquoi on élève puis abaisse la tension,"Transformateurs élévateurs, lignes haute tension, postes abaisseurs, distribution",flow (existant),Faire avancer l'électricité le long du réseau,L'étape atteinte est nommée sous le curseur,"Haute tension pour voyager loin, basse tension à la maison",EIA Delivery to consumers ; Sénat r08-307 ; Connaissance des Énergies (Enedis),La longueur de réseau date de 2009 ; pertes non chiffrées,"Paysage schématique de gauche à droite : centrale, transformateur, pylônes, poste, poteau, maison ; niveaux de tension affichés en HTML","Facultative : ligne à très haute tension au coucher du soleil, sans texte",2,publiée
comment-le-wi-fi-fait-il-voyager-des-donnees-a-travers-l-air,les-donnees-dans-l-air,Comprendre que le Wi-Fi transporte les données dans des ondes radio,Box qui module une onde radio ; antenne qui capte ; affaiblissement par distance et murs,flow (existant) ; souhaité : ondes et murs,Allumer le Wi-Fi,La chaîne va jusqu'aux 0 et 1 retrouvés,"Des ondes radio, pas du son ni de la lumière visible",Arcep décision 2022-1960 ; Cisco What is Wi-Fi,La modulation n'est pas montrée ; ondes symbolisées,"Plan d'appartement vu de dessus : box, ondes concentriques atténuées par des murs, téléphone ; curseur de distance possible","Facultative : salon avec une box, sans texte",3,publiée
comment-le-pilote-automatique-tient-il-un-avion-sur-sa-route,le-pilote-qui-corrige,"Comprendre la boucle mesurer, comparer, corriger","Capteurs, calculateur, servomoteurs, gouvernes, puis nouvelle mesure",flow (existant) ; souhaité : boucle fermée,Engager le pilote automatique,La boucle s'enclenche jusqu'aux gouvernes,"Le pilote automatique suit les consignes des pilotes, il ne décide pas","FAA Advanced Avionics Handbook, chapitre 4",flow dessine une chaîne droite alors que c'est une boucle,Boucle circulaire en quatre blocs avec retour vers les capteurs ; avion vu de face qui penche puis se redresse,"Facultative : cockpit en vol de croisière, sans texte",2,publiée ; boucle à demander à Codex
comment-le-bois-devient-il-une-feuille-de-papier,de-la-pate-a-la-feuille,Comprendre que la feuille se forme en retirant l'eau,"Égouttage sur toile, pressage, séchage sur cylindres",flow (existant),Retirer progressivement l'eau,L'étape atteinte est nommée : de la pâte diluée à la feuille sèche,"Une feuille de papier, c'est un tapis de fibres","Techniques de l'Ingénieur, Paper processes (résumé public)",Humidité de sortie de 4 à 9 % ; les sections de machine varient,"Machine à papier latérale très simplifiée : bac, toile, presses, cylindres, bobine ; gouttes qui diminuent","Facultative : rouleau de papier en usine, sans texte",3,publiée
comment-une-roche-se-transforme-t-elle-peu-a-peu-en-sol,naissance-d-un-sol,Comprendre la lenteur de la formation d'un sol,"Altération physique et chimique, êtres vivants, humus, horizons",flow (existant),Faire passer le temps,Les étapes s'enchaînent de la roche au sol en couches,Quelques centimètres de sol demandent environ mille ans,FAO Soils portal ; ONU Info 2022,Les processus se chevauchent ; la chaîne est simplifiée,"Coupe de terrain qui s'épaissit en trois états : roche nue, roche fissurée avec lichens, sol à horizons avec racines","Facultative : falaise avec sol au sommet, sans texte",2,publiée
comment-une-fresque-reste-t-elle-accrochee-au-mur-pendant-des-siecles,la-couleur-dans-le-mur,Comprendre que la chaux emprisonne les pigments en séchant,"Enduit de chaux, pigments à l'eau, CO2 de l'air, carbonate de calcium",flow (existant),Faire passer le temps de séchage,La chaîne va jusqu'à la couleur prise dans le mur,Sans colle : la chaux devient une pierre qui enferme la couleur,"Tate, Fresco ; ASBP Lime Group 2026",La carbonatation complète peut prendre des mois ; non montrée,"Coupe agrandie de l'enduit : grains de pigment, flèches de CO2, cristaux qui se forment autour","Facultative : chapelle peinte en lumière douce, sans texte",3,publiée
comment-le-telephone-fixe-transportait-il-la-voix-par-un-fil,la-voix-dans-le-fil,Comprendre que la voix devient un courant qui varie comme elle,"Membrane, électroaimant, courant ondulatoire, écouteur",flow (existant) ; souhaité : courbe de courant,Parler dans le micro,La chaîne va jusqu'au son recréé,"Ce n'est pas le son qui voyage dans le fil, c'est un courant","Brevet US 174 465 (Bell, 1876)",Les micros à charbon ultérieurs fonctionnent autrement ; non abordés,"Deux postes reliés par un fil ; onde sonore, puis courbe de courant de même forme, puis onde sonore ; courbes tracées par le code","Facultative : téléphone à cadran ancien, sans texte",3,publiée
comment-un-moteur-a-quatre-temps-transforme-t-il-l-essence-en-mouvement,les-quatre-temps,Comprendre que seul le temps de combustion-détente pousse le piston,"Admission, compression, combustion-détente, échappement ; deux tours par cycle","flow (existant, curseur nommé) ; souhaité : piston animé et cycle bouclé",Avancer dans le cycle,Le temps atteint est nommé sous le curseur,Un seul temps sur quatre fournit la force,"NASA Glenn, Four Stroke Internal Combustion Engine",flow ne montre ni le piston ni le retour au début du cycle,"Cylindre en coupe : piston, deux soupapes, bougie ; quatre états du même dessin ; flèches d'air et de gaz séparées","Facultative : bloc moteur ouvert, sans texte",1,publiée ; composant piston souhaité
